from,to,weight
N0,N1,41
N1,N2,8
N2,N3,2
N3,N4,48
N4,N5,18
N5,N6,16
N6,N7,15
N7,N8,9
N8,N9,48
N9,N10,7
N10,N11,44
N11,N12,48
N12,N13,35
N13,N14,6
N14,N15,38
N15,N16,28
N16,N17,3
N17,N18,2
N18,N19,6
N19,N20,14
N20,N21,15
N21,N22,33
N22,N23,39
N23,N24,2
N24,N25,36
N25,N26,13
N26,N27,46
N27,N28,42
N28,N29,45
N29,N30,35
N30,N31,27
N31,N32,15
N32,N33,29
N33,N34,38
N34,N35,18
N35,N36,1
N36,N37,49
N37,N38,11
N38,N39,45
N39,N40,28
N40,N41,22
N41,N42,18
N42,N43,10
N43,N44,14
N44,N45,49
N45,N46,22
N46,N47,7
N47,N48,6
N48,N49,25
N49,N50,7
N50,N51,23
N51,N52,23
N52,N53,39
N53,N54,17
N54,N55,3
N55,N56,47
N56,N57,30
N57,N58,35
N58,N59,8
N59,N60,25
N60,N61,6
N61,N62,36
N62,N63,19
N63,N64,41
N64,N65,40
N65,N66,24
N66,N67,37
N67,N68,13
N68,N69,46
N69,N70,5
N70,N71,3
N71,N72,43
N72,N73,15
N73,N74,50
N74,N75,19
N75,N76,6
N76,N77,15
N77,N78,7
N78,N79,25
N79,N80,18
N80,N81,30
N81,N82,41
N82,N83,24
N83,N84,11
N84,N85,24
N85,N86,23
N86,N87,14
N87,N88,43
N88,N89,18
N89,N90,45
N90,N91,44
N91,N92,42
N92,N93,5
N93,N94,39
N94,N95,41
N95,N96,11
N96,N97,35
N97,N98,47
N98,N99,16
N99,N100,11
N100,N101,30
N101,N102,25
N102,N103,18
N103,N104,41
N104,N105,45
N105,N106,36
N106,N107,15
N107,N108,44
N108,N109,21
N109,N110,50
N110,N111,50
N111,N112,4
N112,N113,15
N113,N114,3
N114,N115,21
N115,N116,26
N116,N117,18
N117,N118,5
N118,N119,14
N119,N120,37
N120,N121,46
N121,N122,21
N122,N123,14
N123,N124,42
N124,N125,32
N125,N126,26
N126,N127,42
N127,N128,30
N128,N129,10
N129,N130,17
N130,N131,9
N131,N132,16
N132,N133,48
N133,N134,36
N134,N135,35
N135,N136,17
N136,N137,48
N137,N138,38
N138,N139,28
N139,N140,38
N140,N141,26
N141,N142,24
N142,N143,15
N143,N144,9
N144,N145,33
N145,N146,32
N146,N147,6
N147,N148,49
N148,N149,4
N149,N150,8
N150,N151,10
N151,N152,41
N152,N153,11
N153,N154,44
N154,N155,28
N155,N156,39
N156,N157,5
N157,N158,25
N158,N159,25
N159,N160,39
N160,N161,30
N161,N162,34
N162,N163,17
N163,N164,36
N164,N165,1
N165,N166,44
N166,N167,47
N167,N168,8
N168,N169,44
N169,N170,35
N170,N171,49
N171,N172,18
N172,N173,50
N173,N174,42
N174,N175,22
N175,N176,8
N176,N177,19
N177,N178,28
N178,N179,11
N179,N180,30
N180,N181,1
N181,N182,47
N182,N183,47
N183,N184,17
N184,N185,33
N185,N186,49
N186,N187,12
N187,N188,33
N188,N189,7
N189,N190,41
N190,N191,20
N191,N192,41
N192,N193,33
N193,N194,39
N194,N195,13
N195,N196,10
N196,N197,24
N197,N198,49
N198,N199,11
N199,N200,35
N200,N201,50
N201,N202,34
N202,N203,1
N203,N204,39
N204,N205,21
N205,N206,32
N206,N207,2
N207,N208,8
N208,N209,24
N209,N210,20
N210,N211,16
N211,N212,4
N212,N213,16
N213,N214,37
N214,N215,6
N215,N216,6
N216,N217,47
N217,N218,32
N218,N219,5
N219,N220,49
N220,N221,35
N221,N222,50
N222,N223,9
N223,N224,9
N224,N225,43
N225,N226,31
N226,N227,36
N227,N228,11
N228,N229,17
N229,N230,34
N230,N231,39
N231,N232,28
N232,N233,14
N233,N234,35
N234,N235,49
N235,N236,47
N236,N237,45
N237,N238,13
N238,N239,46
N239,N240,20
N240,N241,26
N241,N242,43
N242,N243,42
N243,N244,24
N244,N245,29
N245,N246,34
N246,N247,29
N247,N248,8
N248,N249,16
N249,N250,15
N250,N251,5
N251,N252,22
N252,N253,2
N253,N254,38
N254,N255,36
N255,N256,15
N256,N257,38
N257,N258,15
N258,N259,1
N259,N260,5
N260,N261,46
N261,N262,41
N262,N263,4
N263,N264,15
N264,N265,5
N265,N266,3
N266,N267,22
N267,N268,5
N268,N269,33
N269,N270,16
N270,N271,18
N271,N272,43
N272,N273,32
N273,N274,14
N274,N275,35
N275,N276,9
N276,N277,47
N277,N278,37
N278,N279,37
N279,N280,31
N280,N281,16
N281,N282,31
N282,N283,27
N283,N284,13
N284,N285,7
N285,N286,7
N286,N287,43
N287,N288,28
N288,N289,23
N289,N290,28
N290,N291,27
N291,N292,30
N292,N293,47
N293,N294,4
N294,N295,44
N295,N296,42
N296,N297,42
N297,N298,7
N298,N299,4
N299,N300,26
N300,N301,47
N301,N302,22
N302,N303,7
N303,N304,16
N304,N305,13
N305,N306,13
N306,N307,35
N307,N308,29
N308,N309,9
N309,N310,28
N310,N311,12
N311,N312,18
N312,N313,30
N313,N314,16
N314,N315,5
N315,N316,29
N316,N317,36
N317,N318,7
N318,N319,4
N319,N320,42
N320,N321,35
N321,N322,1
N322,N323,6
N323,N324,49
N324,N325,16
N325,N326,11
N326,N327,27
N327,N328,32
N328,N329,31
N329,N330,14
N330,N331,26
N331,N332,4
N332,N333,11
N333,N334,25
N334,N335,1
N335,N336,25
N336,N337,17
N337,N338,30
N338,N339,19
N339,N340,28
N340,N341,45
N341,N342,47
N342,N343,36
N343,N344,43
N344,N345,46
N345,N346,32
N346,N347,10
N347,N348,13
N348,N349,19
N349,N350,14
N350,N351,4
N351,N352,38
N352,N353,48
N353,N354,35
N354,N355,4
N355,N356,48
N356,N357,21
N357,N358,4
N358,N359,4
N359,N360,38
N360,N361,31
N361,N362,33
N362,N363,34
N363,N364,11
N364,N365,4
N365,N366,33
N366,N367,6
N367,N368,12
N368,N369,5
N369,N370,39
N370,N371,5
N371,N372,44
N372,N373,16
N373,N374,26
N374,N375,8
N375,N376,37
N376,N377,16
N377,N378,38
N378,N379,39
N379,N380,3
N380,N381,40
N381,N382,6
N382,N383,27
N383,N384,43
N384,N385,38
N385,N386,37
N386,N387,34
N387,N388,21
N388,N389,17
N389,N390,14
N390,N391,43
N391,N392,46
N392,N393,21
N393,N394,16
N394,N395,17
N395,N396,26
N396,N397,9
N397,N398,43
N398,N399,42
N399,N400,20
N400,N401,30
N401,N402,21
N402,N403,49
N403,N404,5
N404,N405,1
N405,N406,30
N406,N407,40
N407,N408,37
N408,N409,7
N409,N410,5
N410,N411,35
N411,N412,14
N412,N413,33
N413,N414,17
N414,N415,9
N415,N416,23
N416,N417,5
N417,N418,16
N418,N419,24
N419,N420,19
N420,N421,11
N421,N422,29
N422,N423,35
N423,N424,46
N424,N425,20
N425,N426,40
N426,N427,42
N427,N428,34
N428,N429,1
N429,N430,43
N430,N431,36
N431,N432,20
N432,N433,43
N433,N434,7
N434,N435,9
N435,N436,17
N436,N437,8
N437,N438,7
N438,N439,48
N439,N440,36
N440,N441,10
N441,N442,18
N442,N443,19
N443,N444,39
N444,N445,14
N445,N446,46
N446,N447,22
N447,N448,14
N448,N449,44
N449,N450,41
N450,N451,17
N451,N452,33
N452,N453,32
N453,N454,17
N454,N455,4
N455,N456,6
N456,N457,41
N457,N458,28
N458,N459,18
N459,N460,3
N460,N461,1
N461,N462,22
N462,N463,50
N463,N464,9
N464,N465,41
N465,N466,17
N466,N467,11
N467,N468,48
N468,N469,29
N469,N470,36
N470,N471,46
N471,N472,28
N472,N473,36
N473,N474,1
N474,N475,8
N475,N476,5
N476,N477,45
N477,N478,10
N478,N479,35
N479,N480,3
N480,N481,24
N481,N482,38
N482,N483,36
N483,N484,10
N484,N485,28
N485,N486,9
N486,N487,3
N487,N488,20
N488,N489,24
N489,N490,3
N490,N491,23
N491,N492,14
N492,N493,44
N493,N494,16
N494,N495,43
N495,N496,7
N496,N497,23
N497,N498,50
N498,N499,36
N499,N500,27
N500,N501,40
N501,N502,48
N502,N503,10
N503,N504,16
N504,N505,11
N505,N506,12
N506,N507,27
N507,N508,2
N508,N509,12
N509,N510,48
N510,N511,22
N511,N512,27
N512,N513,43
N513,N514,48
N514,N515,16
N515,N516,18
N516,N517,11
N517,N518,45
N518,N519,7
N519,N520,25
N520,N521,3
N521,N522,31
N522,N523,15
N523,N524,13
N524,N525,30
N525,N526,23
N526,N527,20
N527,N528,15
N528,N529,15
N529,N530,2
N530,N531,43
N531,N532,13
N532,N533,26
N533,N534,22
N534,N535,18
N535,N536,5
N536,N537,50
N537,N538,18
N538,N539,23
N539,N540,42
N540,N541,33
N541,N542,26
N542,N543,44
N543,N544,35
N544,N545,22
N545,N546,2
N546,N547,8
N547,N548,17
N548,N549,12
N549,N550,38
N550,N551,17
N551,N552,3
N552,N553,7
N553,N554,39
N554,N555,28
N555,N556,23
N556,N557,47
N557,N558,21
N558,N559,28
N559,N560,39
N560,N561,33
N561,N562,8
N562,N563,25
N563,N564,37
N564,N565,13
N565,N566,17
N566,N567,3
N567,N568,46
N568,N569,28
N569,N570,1
N570,N571,34
N571,N572,35
N572,N573,44
N573,N574,47
N574,N575,48
N575,N576,48
N576,N577,43
N577,N578,13
N578,N579,24
N579,N580,28
N580,N581,5
N581,N582,43
N582,N583,22
N583,N584,40
N584,N585,21
N585,N586,43
N586,N587,8
N587,N588,47
N588,N589,20
N589,N590,33
N590,N591,20
N591,N592,43
N592,N593,27
N593,N594,21
N594,N595,26
N595,N596,45
N596,N597,19
N597,N598,36
N598,N599,9
N599,N600,13
N600,N601,27
N601,N602,43
N602,N603,25
N603,N604,44
N604,N605,48
N605,N606,12
N606,N607,40
N607,N608,37
N608,N609,20
N609,N610,26
N610,N611,36
N611,N612,1
N612,N613,20
N613,N614,19
N614,N615,14
N615,N616,28
N616,N617,38
N617,N618,39
N618,N619,42
N619,N620,21
N620,N621,30
N621,N622,29
N622,N623,29
N623,N624,44
N624,N625,14
N625,N626,33
N626,N627,31
N627,N628,48
N628,N629,11
N629,N630,43
N630,N631,6
N631,N632,19
N632,N633,33
N633,N634,43
N634,N635,41
N635,N636,40
N636,N637,22
N637,N638,6
N638,N639,49
N639,N640,16
N640,N641,44
N641,N642,20
N642,N643,15
N643,N644,13
N644,N645,10
N645,N646,2
N646,N647,3
N647,N648,16
N648,N649,31
N649,N650,40
N650,N651,50
N651,N652,5
N652,N653,30
N653,N654,27
N654,N655,41
N655,N656,37
N656,N657,13
N657,N658,46
N658,N659,45
N659,N660,25
N660,N661,32
N661,N662,26
N662,N663,16
N663,N664,10
N664,N665,42
N665,N666,45
N666,N667,1
N667,N668,49
N668,N669,50
N669,N670,7
N670,N671,50
N671,N672,28
N672,N673,15
N673,N674,12
N674,N675,45
N675,N676,34
N676,N677,30
N677,N678,4
N678,N679,36
N679,N680,16
N680,N681,8
N681,N682,30
N682,N683,9
N683,N684,30
N684,N685,43
N685,N686,34
N686,N687,36
N687,N688,39
N688,N689,21
N689,N690,49
N690,N691,29
N691,N692,40
N692,N693,47
N693,N694,33
N694,N695,28
N695,N696,36
N696,N697,29
N697,N698,11
N698,N699,48
N699,N700,31
N700,N701,29
N701,N702,17
N702,N703,49
N703,N704,16
N704,N705,41
N705,N706,18
N706,N707,50
N707,N708,50
N708,N709,34
N709,N710,32
N710,N711,41
N711,N712,16
N712,N713,18
N713,N714,29
N714,N715,5
N715,N716,46
N716,N717,19
N717,N718,16
N718,N719,18
N719,N720,22
N720,N721,21
N721,N722,35
N722,N723,6
N723,N724,9
N724,N725,10
N725,N726,15
N726,N727,25
N727,N728,45
N728,N729,10
N729,N730,46
N730,N731,14
N731,N732,5
N732,N733,27
N733,N734,27
N734,N735,22
N735,N736,35
N736,N737,30
N737,N738,27
N738,N739,4
N739,N740,14
N740,N741,27
N741,N742,25
N742,N743,50
N743,N744,38
N744,N745,45
N745,N746,2
N746,N747,49
N747,N748,37
N748,N749,25
N749,N750,31
N750,N751,1
N751,N752,23
N752,N753,20
N753,N754,49
N754,N755,25
N755,N756,27
N756,N757,35
N757,N758,48
N758,N759,48
N759,N760,35
N760,N761,39
N761,N762,15
N762,N763,32
N763,N764,15
N764,N765,18
N765,N766,28
N766,N767,32
N767,N768,2
N768,N769,25
N769,N770,22
N770,N771,43
N771,N772,44
N772,N773,26
N773,N774,47
N774,N775,11
N775,N776,30
N776,N777,9
N777,N778,40
N778,N779,35
N779,N780,2
N780,N781,26
N781,N782,38
N782,N783,37
N783,N784,43
N784,N785,2
N785,N786,6
N786,N787,42
N787,N788,28
N788,N789,9
N789,N790,30
N790,N791,12
N791,N792,4
N792,N793,17
N793,N794,25
N794,N795,21
N795,N796,14
N796,N797,30
N797,N798,21
N798,N799,22
N799,N800,49
N800,N801,25
N801,N802,18
N802,N803,49
N803,N804,27
N804,N805,17
N805,N806,6
N806,N807,31
N807,N808,2
N808,N809,48
N809,N810,35
N810,N811,4
N811,N812,23
N812,N813,15
N813,N814,42
N814,N815,5
N815,N816,50
N816,N817,42
N817,N818,3
N818,N819,49
N819,N820,2
N820,N821,16
N821,N822,13
N822,N823,2
N823,N824,40
N824,N825,10
N825,N826,16
N826,N827,9
N827,N828,31
N828,N829,43
N829,N830,8
N830,N831,37
N831,N832,14
N832,N833,30
N833,N834,45
N834,N835,17
N835,N836,50
N836,N837,24
N837,N838,11
N838,N839,39
N839,N840,39
N840,N841,48
N841,N842,46
N842,N843,8
N843,N844,50
N844,N845,11
N845,N846,20
N846,N847,7
N847,N848,38
N848,N849,2
N849,N850,20
N850,N851,37
N851,N852,44
N852,N853,25
N853,N854,26
N854,N855,46
N855,N856,13
N856,N857,5
N857,N858,38
N858,N859,45
N859,N860,41
N860,N861,16
N861,N862,7
N862,N863,45
N863,N864,50
N864,N865,20
N865,N866,44
N866,N867,39
N867,N868,8
N868,N869,37
N869,N870,3
N870,N871,23
N871,N872,35
N872,N873,28
N873,N874,43
N874,N875,24
N875,N876,5
N876,N877,33
N877,N878,42
N878,N879,22
N879,N880,1
N880,N881,27
N881,N882,32
N882,N883,7
N883,N884,28
N884,N885,24
N885,N886,41
N886,N887,30
N887,N888,46
N888,N889,10
N889,N890,28
N890,N891,12
N891,N892,47
N892,N893,34
N893,N894,42
N894,N895,18
N895,N896,40
N896,N897,35
N897,N898,50
N898,N899,31
N899,N900,30
N900,N901,28
N901,N902,47
N902,N903,38
N903,N904,18
N904,N905,21
N905,N906,16
N906,N907,6
N907,N908,18
N908,N909,29
N909,N910,16
N910,N911,49
N911,N912,30
N912,N913,37
N913,N914,40
N914,N915,43
N915,N916,25
N916,N917,22
N917,N918,2
N918,N919,32
N919,N920,21
N920,N921,12
N921,N922,32
N922,N923,14
N923,N924,23
N924,N925,17
N925,N926,22
N926,N927,18
N927,N928,39
N928,N929,45
N929,N930,18
N930,N931,36
N931,N932,1
N932,N933,34
N933,N934,13
N934,N935,6
N935,N936,16
N936,N937,47
N937,N938,27
N938,N939,32
N939,N940,36
N940,N941,49
N941,N942,16
N942,N943,45
N943,N944,31
N944,N945,42
N945,N946,46
N946,N947,32
N947,N948,29
N948,N949,2
N949,N950,6
N950,N951,19
N951,N952,15
N952,N953,26
N953,N954,45
N954,N955,16
N955,N956,20
N956,N957,43
N957,N958,38
N958,N959,24
N959,N960,31
N960,N961,36
N961,N962,34
N962,N963,23
N963,N964,28
N964,N965,48
N965,N966,36
N966,N967,22
N967,N968,23
N968,N969,45
N969,N970,30
N970,N971,18
N971,N972,20
N972,N973,17
N973,N974,15
N974,N975,8
N975,N976,47
N976,N977,13
N977,N978,21
N978,N979,8
N979,N980,48
N980,N981,35
N981,N982,49
N982,N983,45
N983,N984,12
N984,N985,13
N985,N986,14
N986,N987,48
N987,N988,31
N988,N989,18
N989,N990,47
N990,N991,38
N991,N992,49
N992,N993,34
N993,N994,39
N994,N995,19
N995,N996,7
N996,N997,13
N997,N998,19
N998,N999,15
N369,N183,39
N14,N725,69
N129,N280,6
N997,N55,71
N299,N714,17
N653,N889,97
N502,N105,2
N587,N291,61
N490,N451,44
N188,N988,7
N258,N963,62
N116,N841,9
N410,N503,10
N590,N644,88
N54,N155,20
N830,N576,39
N87,N254,16
N571,N782,54
N620,N610,80
N231,N794,67
N389,N461,57
N304,N880,76
N439,N312,73
N635,N61,79
N983,N757,13
N970,N781,27
N640,N216,34
N676,N83,21
N245,N177,71
N76,N160,1
N418,N461,89
N608,N481,38
N33,N237,37
N723,N289,90
N880,N464,10
N703,N239,34
N806,N810,81
N603,N677,26
N435,N117,70
N230,N663,20
N930,N272,19
N73,N61,22
N811,N314,77
N766,N844,73
N943,N295,57
N127,N479,89
N311,N716,52
N965,N278,65
N552,N505,57
N82,N612,6
N910,N442,95
N330,N618,33
N26,N93,30
N984,N690,74
N601,N973,3
N783,N688,35
N590,N41,98
N774,N179,61
N531,N667,57
N938,N284,24
N599,N446,82
N833,N503,12
N481,N356,53
N341,N328,86
N107,N878,21
N337,N421,89
N507,N295,85
N967,N410,98
N563,N37,59
N90,N322,33
N331,N118,99
N413,N885,66
N844,N1,85
N890,N555,60
N423,N55,25
N530,N370,80
N774,N510,81
N452,N778,7
N208,N273,71
N134,N949,37
N448,N901,90
N496,N124,4
N996,N645,78
N818,N245,91
N162,N318,71
N14,N565,53
N95,N230,15
N472,N969,16
N663,N852,20
N510,N955,92
N298,N521,91
N279,N425,62
N483,N249,59
N564,N148,50
N195,N943,77
N520,N764,18
N884,N71,36
N791,N808,54
N348,N956,65
N273,N840,1
N289,N743,39
N857,N601,75
N675,N501,20
N457,N551,62
N353,N340,71
N781,N556,49
N466,N955,42
N890,N193,90
N244,N585,50
N239,N876,100
N420,N44,41
N762,N484,91
N935,N830,49
N395,N679,84
N155,N507,5
N129,N514,76
N339,N890,13
N895,N865,57
N102,N538,59
N15,N739,19
N419,N891,84
N993,N158,10
N480,N800,34
N346,N638,89
N407,N665,11
N872,N336,87
N879,N546,49
N977,N324,81
N735,N908,98
N499,N893,70
N36,N632,9
N240,N646,88
N943,N294,30
N764,N92,56
N100,N778,82
N720,N893,13
N454,N170,89
N306,N925,4
N47,N332,8
N300,N367,48
N441,N149,32
N543,N421,73
N698,N811,24
N174,N179,11
N624,N891,49
N634,N699,31
N509,N934,75
N146,N237,60
N653,N260,59
N261,N682,2
N920,N823,60
N922,N294,87
N559,N161,10
N452,N967,45
N601,N306,82
N985,N434,89
N256,N467,39
N203,N393,62
N109,N242,49
N585,N367,74
N302,N716,38
N22,N849,85
N405,N281,2
N579,N885,88
N796,N762,7
N932,N620,96
N508,N852,37
N794,N818,30
N621,N821,46
N224,N651,25
N635,N256,87
N773,N738,99
N675,N697,18
N643,N99,81
N661,N40,40
N807,N451,5
N593,N373,94
N134,N92,38
N334,N765,54
N179,N205,17
N805,N552,47
N543,N513,35
N850,N168,33
N935,N844,62
N990,N825,38
N764,N891,44
N823,N117,60
N986,N77,19
N772,N989,29
N880,N692,93
N690,N406,72
N374,N92,51
N14,N270,69
N126,N465,48
N688,N766,87
N268,N598,49
N842,N653,48
N110,N691,30
N482,N25,80
N905,N965,72
N335,N937,79
N226,N663,9
N650,N843,60
N931,N717,39
N664,N418,15
N143,N46,5
N311,N504,15
N99,N240,69
N138,N397,59
N379,N686,96
N713,N968,70
N429,N601,96
N744,N158,54
N670,N101,63
N630,N417,36
N33,N706,48
N222,N454,57
N973,N241,47
N101,N702,48
N557,N923,83
N367,N62,51
N282,N194,16
N971,N868,59
N93,N678,28
N657,N654,77
N994,N21,7
N805,N341,32
N128,N805,73
N210,N70,98
N567,N212,76
N221,N832,30
N336,N792,19
N807,N922,77
N2,N283,19
N133,N553,33
N817,N178,15
N676,N887,4
N134,N15,46
N808,N807,31
N602,N331,3
N178,N271,7
N129,N759,54
N538,N116,96
N65,N487,58
N796,N370,66
N607,N111,58
N515,N226,79
N44,N744,85
N533,N308,59
N658,N987,4
N62,N490,52
N436,N702,14
N502,N729,57
N75,N920,11
N329,N622,19
N67,N129,36
N639,N648,75
N561,N729,42
N390,N611,68
N301,N464,65
N619,N440,13
N812,N718,15
N873,N670,84
N898,N787,71
N738,N886,28
N440,N462,30
N423,N347,59
N408,N425,94
N97,N320,55
N320,N681,33
N383,N976,20
N703,N945,61
N68,N93,11
N95,N442,13
N762,N756,48
N831,N133,72
N61,N600,72
N575,N337,86
N125,N420,46
N894,N681,97
N433,N888,93
N52,N991,37
N614,N319,46
N106,N591,65
N217,N158,85
N493,N229,14
N358,N865,72
N376,N117,98
N285,N587,29
N826,N439,72
N997,N785,80
N628,N691,83
N570,N26,78
N951,N673,89
N273,N29,24
N279,N719,98
N316,N943,44
N359,N6,24
N890,N146,73
N673,N410,9
N145,N758,82
N995,N31,12
N764,N543,28
N385,N429,59
N349,N161,48
N319,N738,42
N795,N964,73
N610,N86,7
N159,N161,97
N632,N50,87
N83,N278,57
N677,N434,63
N621,N452,54
N279,N220,97
N524,N116,45
N440,N113,37
N694,N607,63
N539,N683,40
N46,N225,51
N613,N56,1
N209,N308,28
N785,N140,98
N261,N296,42
N122,N7,64
N764,N440,23
N132,N389,69
N720,N235,65
N572,N853,86
N825,N362,10
N406,N882,95
N43,N446,3
N470,N943,10
N882,N320,74
N439,N587,52
N726,N655,54
N296,N117,52
N21,N989,42
N175,N820,80
N471,N851,89
N941,N370,12
N447,N864,14
N249,N446,76
N410,N536,11
N405,N891,40
N763,N347,29
N341,N797,22
N78,N522,82
N116,N543,66
N198,N927,100
N357,N359,94
N981,N838,83
N834,N151,31
N105,N149,33
N202,N177,78
N156,N778,98
N671,N77,23
N974,N791,81
N505,N475,97
N577,N778,75
N459,N697,73
N658,N650,80
N330,N884,81
N323,N154,57
N69,N480,57
N646,N310,36
N605,N57,46
N519,N75,40
N472,N462,5
N58,N377,37
N78,N660,12
N629,N608,65
N393,N473,75
N567,N977,95
N917,N42,58
N930,N829,74
N667,N192,42
N619,N487,65
N154,N980,8
N461,N105,44
N731,N86,65
N661,N176,6
N253,N724,57
N449,N536,67
N624,N162,47
N381,N939,37
N396,N418,100
N346,N695,77
N53,N808,81
N662,N342,9
N337,N96,72
N694,N395,37
N258,N741,85
N987,N928,78
N894,N153,43
N83,N596,85
N144,N938,45
N317,N990,84
N715,N678,51
N132,N609,91
N960,N86,40
N572,N385,83
N810,N336,17
N686,N719,95
N701,N934,68
N95,N661,86
N433,N520,47
N18,N371,40
N184,N973,28
N349,N970,99
N497,N196,29
N140,N158,10
N302,N864,13
N519,N789,70
N855,N756,68
N38,N677,44
N897,N784,80
N134,N611,49
N157,N166,24
N851,N709,99
N639,N828,22
N738,N448,6
N420,N373,87
N736,N243,57
N625,N291,97
N766,N802,58
N239,N546,31
N316,N988,61
N925,N855,25
N376,N694,74
N451,N472,99
N288,N796,49
N514,N540,54
N989,N165,26
N820,N619,18
N893,N256,7
N656,N492,48
N567,N956,14
N728,N866,67
N871,N127,37
N85,N781,21
N279,N460,66
N150,N850,56
N93,N969,29
N836,N461,45
N952,N27,54
N54,N405,65
N382,N241,50
N83,N383,29
N28,N326,13
N859,N731,84
N343,N810,19
N140,N39,37
N939,N849,61
N712,N851,18
N777,N722,61
N459,N630,1
N927,N81,3
N262,N220,20
N561,N962,94
N623,N540,55
N113,N794,37
N243,N308,16
N48,N244,54
N654,N812,80
N468,N64,15
N856,N926,64
N611,N548,3
N647,N527,74
N247,N735,19
N298,N439,1
N629,N361,31
N584,N426,24
N680,N684,11
N536,N998,47
N69,N976,68
N557,N519,65
N567,N20,50
N894,N481,6
N650,N396,48
N259,N765,3
N365,N807,9
N353,N246,94
N672,N643,14
N790,N595,95
N774,N340,18
N45,N360,70
N346,N833,83
N179,N850,100
N701,N475,90
N490,N646,24
N830,N138,9
N733,N794,59
N37,N300,26
N44,N810,26
N907,N42,41
N955,N317,66
N407,N834,70
N484,N259,5
N771,N662,25
N292,N365,100
N48,N886,84
N339,N279,16
N818,N376,56
N910,N409,96
N450,N916,50
N347,N997,24
N508,N708,64
N376,N946,67
N273,N820,11
N744,N434,11
N440,N616,24
N558,N300,42
N105,N81,42
N676,N302,40
N456,N617,92
N436,N170,89
N454,N359,58
N43,N744,46
N629,N445,36
N654,N810,8
N76,N687,82
N415,N372,66
N820,N767,87
N163,N975,4
N146,N869,78
N694,N800,57
N35,N129,9
N241,N797,83
N375,N370,50
N972,N580,5
N619,N157,87
N460,N971,48
N380,N454,98
N78,N587,18
N542,N375,51
N321,N665,36
N255,N983,15
N26,N753,24
N511,N530,50
N935,N575,16
N268,N793,34
N720,N456,28
N626,N292,89
N938,N502,26
N125,N138,10
N462,N176,92
N455,N89,88
N990,N865,41
N683,N355,91
N66,N563,70
N297,N912,39
N871,N161,92
N726,N949,90
N653,N178,47
N520,N229,16
N205,N811,18
N242,N809,64
N26,N369,71
N586,N377,60
N822,N564,17
N626,N905,12
N67,N316,51
N734,N736,62
N538,N420,99
N419,N843,74
N75,N128,41
N657,N75,58
N477,N696,67
N352,N131,100
N564,N655,76
N186,N786,17
N443,N514,8
N851,N127,67
N156,N311,22
N165,N330,91
N230,N354,67
N916,N290,11
N256,N201,82
N979,N564,36
N128,N640,39
N629,N546,12
N514,N656,22
N606,N964,75
N157,N175,85
N639,N737,78
N345,N862,73
N42,N845,4
N83,N46,83
N789,N590,34
N666,N215,99
N585,N426,80
N654,N31,64
N910,N642,70
N296,N657,39
N494,N250,88
N415,N304,59
N74,N705,8
N161,N450,54
N495,N475,27
N348,N621,19
N320,N882,92
N326,N751,45
N998,N408,17
N778,N379,66
N575,N108,41
N247,N477,16
N273,N460,32
N144,N99,7
N297,N968,50
N884,N630,54
N254,N985,21
N833,N335,74
N738,N320,25
N781,N163,64
N527,N478,64
N900,N315,64
N23,N92,51
N517,N468,31
N220,N597,46
N49,N51,37
N506,N611,84
N688,N481,37
N549,N8,14
N441,N137,34
N744,N374,98
N412,N374,6
N410,N52,73
N575,N199,47
N566,N295,10
N395,N516,58
N782,N563,36
N845,N638,88
N625,N121,17
N998,N99,51
N382,N813,44
N571,N961,47
N773,N147,26
N616,N521,52
N512,N41,6
N39,N140,92
N341,N823,61
N531,N467,20
N620,N914,66
N143,N335,79
N326,N166,51
N631,N757,39
N607,N344,65
N848,N521,69
N501,N725,73
N306,N486,3
N377,N339,87
N112,N426,75
N315,N815,93
N893,N704,81
N27,N611,61
N271,N990,84
N801,N995,100
N592,N591,30
N738,N52,75
N491,N174,68
N644,N738,80
N793,N861,49
N151,N841,88
N248,N32,74
N970,N717,15
N195,N19,57
N321,N428,20
N422,N707,27
N420,N513,100
N626,N942,61
N893,N868,95
N744,N63,91
N141,N531,27
N574,N332,85
N489,N538,49
N321,N979,23
N470,N934,69
N350,N559,46
N692,N790,93
N697,N658,89
N270,N624,62
N196,N980,32
N285,N571,39
N230,N964,39
N789,N295,91
N212,N706,91
N500,N324,62
N357,N573,93
N280,N294,16
N587,N692,70
N388,N917,51
N838,N353,99
N823,N149,38
N43,N294,92
N80,N354,57
N671,N262,96
N490,N219,26
N847,N551,35
N955,N575,90
N278,N140,14
N630,N758,76
N245,N248,7
N685,N926,68
N231,N653,30
N53,N102,53
N338,N734,61
N102,N697,99
N140,N5,71
N951,N161,53
N668,N957,61
N488,N666,26
N774,N987,37
N328,N292,83
N60,N929,99
N91,N667,74
N237,N547,95
N740,N870,5
N935,N943,23
N427,N903,23
N956,N941,5
N856,N406,64
N190,N959,96
N985,N893,38
N897,N38,2
N305,N581,78
N109,N950,43
N291,N465,83
N556,N536,64
N910,N961,18
N871,N516,60
N279,N197,15
N338,N166,94
N469,N663,33
N735,N190,2
N754,N345,38
N581,N690,97
N197,N179,79
N876,N654,52
N846,N437,66
N335,N88,52
N685,N97,24
N143,N488,42
N958,N254,1
N267,N392,31
N457,N771,35
N976,N337,39
N596,N740,74
N11,N267,84
N368,N709,31
N63,N683,16
N476,N314,21
N415,N702,65
N945,N916,91
N788,N318,89
N120,N654,38
N376,N629,29
N224,N980,18
N489,N156,59
N765,N620,48
N425,N718,71
N934,N482,97
N550,N821,86
N845,N223,98
N253,N696,97
N610,N894,11
N538,N457,68
N720,N370,10
N939,N577,15
N63,N848,71
N924,N517,26
N586,N549,20
N168,N335,67
N452,N119,88
N210,N734,75
N500,N93,66
N456,N828,8
N464,N135,66
N425,N467,73
N59,N572,60
N688,N826,40
N740,N22,51
N260,N836,1
N763,N223,75
N74,N46,55
N352,N717,9
N554,N61,9
N956,N483,5
N293,N418,24
N787,N138,99
N656,N746,83
N986,N430,48
N912,N391,58
N890,N939,49
N384,N82,88
N987,N677,70
N136,N669,45
N121,N182,69
N402,N541,17
N745,N228,1
N774,N23,39
N474,N689,93
N557,N434,69
N388,N843,30
N253,N471,45
N158,N282,25
N959,N896,93
N783,N115,5
N828,N676,54
N629,N784,3
N246,N211,9
N103,N608,5
N457,N612,87
N720,N893,7
N250,N758,6
N411,N449,30
N552,N222,97
N884,N794,8
N143,N515,38
N239,N835,94
N589,N326,74
N612,N791,87
N838,N328,31
N309,N897,19
N676,N533,29
N423,N307,36
N62,N570,76
N900,N752,23
N641,N695,55
N569,N507,7
N995,N352,83
N687,N390,68
N326,N713,54
N418,N152,39
N385,N188,97
N550,N484,31
N869,N230,39
N878,N724,19
N825,N474,8
N575,N422,54
N570,N542,18
N397,N248,33
N208,N338,83
N80,N944,58
N867,N379,12
N548,N741,25
N52,N274,49
N689,N619,78
N40,N894,10
N192,N823,98
N601,N741,86
N572,N222,62
N213,N890,43
N310,N979,2
N216,N959,25
N985,N759,16
N764,N772,62
N936,N248,90
N618,N720,27
N406,N937,31
N565,N329,100
N289,N389,60
N546,N664,46
N315,N267,47
N525,N903,64
N477,N100,93
N480,N779,41
N936,N208,48
N320,N423,6
N576,N884,29
N759,N149,3
N267,N566,75
N593,N737,54
N302,N156,26
N337,N235,49
N583,N853,32
N511,N563,84
N966,N701,44
N263,N781,63
N989,N740,83
N757,N502,59
N172,N750,46
N173,N143,93
N559,N500,24
N938,N910,70
N657,N980,8
N536,N34,10
N967,N837,86
N49,N782,1
N422,N140,81
N236,N69,91
N154,N9,28
N517,N466,48
N61,N632,82
N682,N956,79
N934,N494,85
N499,N16,1
N544,N564,53
N12,N17,68
N739,N281,69
N293,N17,65
N832,N714,87
N440,N825,23
N109,N940,13
N536,N152,31
N196,N634,68
N258,N834,46
N273,N814,51
N80,N382,52
N470,N578,32
N713,N231,39
N700,N847,11
N669,N878,84
N777,N32,12
N415,N388,49
N565,N487,8
N652,N9,90
N175,N84,64
N865,N444,83
N803,N339,73
N878,N997,13
N916,N540,6
N235,N216,89
N908,N580,61
N277,N47,10
N700,N947,36
N920,N556,73
N673,N33,23
N951,N870,41
N16,N984,27
N601,N147,97
N840,N729,51
N951,N78,39
N166,N577,31
N580,N854,50
N693,N918,70
N339,N393,97
N757,N143,89
N741,N80,65
N763,N997,45
N54,N100,56
N237,N858,10
N348,N619,99
N628,N977,77
N406,N992,100
N334,N30,82
N279,N802,58
N502,N233,46
N566,N963,49
N442,N190,88
N599,N676,49
N87,N790,80
N302,N817,32
N730,N75,11
N274,N157,49
N728,N802,82
N157,N757,50
N324,N369,14
N93,N5,40
N455,N368,98
N276,N104,17
N89,N191,56
N459,N570,72
N524,N417,14
N26,N91,46
N567,N95,77
N612,N803,42
N884,N394,2
N298,N423,50
N797,N86,93
N922,N572,32
N585,N533,22
N701,N389,22
N142,N275,39
N274,N504,19
N64,N171,56
N282,N431,39
N495,N801,10
N369,N257,32
N738,N640,64
N608,N631,26
N468,N109,18
N311,N6,51
N340,N861,80
N389,N823,43
N450,N342,56
N835,N843,84
N997,N608,18
N307,N328,78
N970,N711,26
N490,N321,23
N987,N407,41
N298,N752,89
N648,N502,74
N800,N248,42
N385,N287,51
N373,N116,73
N204,N606,70
N184,N698,99
N563,N27,94
N472,N965,91
N214,N448,38
N851,N709,9
N838,N868,53
N689,N511,18
N648,N310,31
N258,N674,20
N732,N433,49
N75,N459,77
N490,N596,52
N547,N518,89
N428,N556,5
N809,N991,47
N718,N916,69
N608,N653,11
N111,N787,32
N673,N680,46
N170,N662,79
N45,N576,83
N693,N662,52
N990,N770,43
N988,N815,56
N108,N10,13
N264,N227,66
N764,N531,72
N594,N704,74
N226,N456,48
N400,N474,99
N695,N602,89
N512,N154,45
N25,N494,14
N302,N425,11
N118,N851,94
N145,N356,40
N351,N466,27
N533,N494,45
N487,N99,57
N739,N713,58
N326,N68,39
N45,N829,91
N117,N23,44
N663,N111,87
N819,N168,95
N249,N528,23
N565,N163,43
N573,N436,60
N237,N816,52
N644,N188,24
N655,N673,56
N405,N29,95
N628,N904,26
N460,N606,55
N398,N4,91
N219,N210,36
N770,N720,9
N591,N104,69
N191,N374,42
N201,N468,15
N268,N686,63
N540,N989,82
N320,N611,50
N625,N401,76
N116,N356,46
N865,N468,80
N176,N833,87
N722,N819,39
N940,N629,76
N86,N688,18
N320,N120,31
N312,N119,24
N382,N710,19
N523,N397,54
N610,N141,74
N392,N433,24
N498,N650,69
N710,N941,83
N953,N177,72
N170,N501,37
N143,N191,41
N862,N461,80
N54,N886,46
N974,N9,63
N139,N199,50
N986,N575,65
N668,N506,53
N701,N503,54
N727,N860,57
N500,N171,11
N578,N31,98
N225,N299,5
N281,N230,69
N295,N172,100
N468,N579,96
N791,N784,64
N562,N523,15
N586,N116,35
N793,N556,47
N555,N842,97
N42,N778,93
N451,N559,28
N435,N104,95
N849,N669,97
N253,N304,5
N460,N269,45
N882,N836,12
N449,N886,16
N794,N831,31
N214,N830,95
N602,N705,45
N881,N727,79
N647,N438,22
N630,N142,27
N833,N211,8
N583,N359,69
N287,N611,69
N172,N331,91
N299,N296,74
N273,N975,66
N921,N695,13
N138,N985,97
N804,N421,8
N283,N887,84
N129,N718,17
N255,N149,92
N329,N848,32
N779,N863,87
N402,N501,19
N591,N647,35
N642,N424,49
N462,N77,82
N813,N901,99
N95,N412,66
N767,N284,89
N958,N898,48
N465,N973,63
N335,N595,1
N889,N792,94
N95,N748,59
N650,N680,90
N366,N870,9
N814,N547,51
N223,N991,55
N844,N216,64
N274,N330,37
N345,N560,74
N133,N579,63
N807,N351,88
N780,N49,6
N101,N641,59
N16,N127,21
N451,N467,1
N981,N438,26
N705,N931,17
N903,N665,39
N162,N895,36
N95,N670,47
N256,N84,48
N680,N925,84
N169,N53,51
N640,N312,93
N716,N773,30
N439,N671,12
N720,N97,1
N218,N488,10
N135,N607,29
N531,N696,57
N9,N8,90
N351,N836,16
N880,N432,89
N135,N489,10
N234,N392,12
N748,N825,14
N105,N320,48
N902,N306,18
N391,N792,97
N895,N136,83
N693,N146,9
N543,N576,2
N624,N665,22
N450,N359,93
N218,N643,96
N155,N941,53
N630,N703,57
N880,N222,12
N918,N102,18
N770,N126,76
N747,N393,45
N986,N439,41
N810,N143,32
N283,N660,11
N254,N566,77
N614,N738,78
N291,N797,89
N27,N868,85
N896,N308,27
N530,N621,66
N193,N765,51
N302,N661,7
N802,N919,31
N506,N395,15
N246,N511,82
N608,N72,68
N910,N12,47
N956,N324,17
N396,N881,73
N430,N374,70
N699,N176,98
N482,N977,99
N74,N17,76
N69,N14,34
N220,N40,8
N971,N808,51
N518,N293,81
N729,N513,99
N425,N433,90
N411,N84,82
N549,N550,79
N156,N284,11
N317,N80,66
N943,N208,20
N549,N334,51
N600,N649,98
N854,N665,88
N658,N67,40
N715,N447,94
N976,N866,31
N59,N250,12
N946,N444,15
N464,N626,78
N56,N316,86
N759,N673,95
N179,N122,2
N724,N140,90
N11,N167,64
N975,N355,67
N529,N801,93
N265,N170,48
N129,N767,100
N894,N275,94
N907,N120,99
N921,N30,43
N826,N439,35
N536,N65,34
N729,N998,74
N642,N78,64
N466,N523,47
N56,N511,73
N170,N376,21
N261,N791,14
N915,N587,87
N740,N118,30
N758,N521,1
N45,N879,2
N250,N47,61
N372,N392,20
N183,N953,5
N566,N822,92
N758,N671,54
N229,N329,32
N426,N937,93
N327,N277,10
N585,N381,16
N514,N689,7
N183,N228,67
N47,N976,52
N70,N898,60
N886,N289,100
N865,N318,42
N88,N566,59
N8,N377,26
N298,N577,39
N757,N637,32
N475,N377,76
N995,N505,99
N794,N200,94
N922,N559,98
N815,N251,20
N6,N954,53
N24,N238,70
N354,N651,89
N898,N9,43
N1,N777,85
N385,N869,95
N744,N314,14
N210,N542,31
N429,N503,8
N995,N145,92
N286,N95,6
N943,N237,67
N422,N717,48
N469,N997,96
N86,N594,13
N517,N136,82
N839,N403,10
N606,N581,8
N445,N678,17
N242,N298,34
N871,N322,51
N717,N851,95
N334,N325,58
N278,N239,10
N966,N207,18
N798,N788,75
N111,N159,14
N168,N460,60
N321,N416,16
N548,N366,99
N212,N462,40
N474,N271,16
N92,N161,88
N311,N846,91
N713,N617,6
N220,N855,42
N151,N93,92
N254,N991,46
N405,N525,7
N693,N306,34
N839,N178,4
N974,N414,58
N569,N766,71
N255,N96,60
N104,N823,18
N124,N12,8
N850,N799,29
N133,N202,52
N381,N702,81
N960,N660,11
N596,N600,34
N939,N832,10
N22,N66,26
N924,N661,57
N828,N131,12
N926,N867,43
N125,N43,60
N51,N172,74
N443,N841,93
N404,N508,4
N391,N699,55
N176,N362,28
N930,N191,36
N286,N456,20
N35,N628,80
N631,N251,83
N302,N510,53
N903,N563,62
N62,N89,36
N392,N140,54
N204,N658,68
N255,N645,70
N813,N19,49
N800,N730,46
N491,N557,63
N352,N934,73
N514,N329,50
N276,N184,4
N326,N611,29
N30,N917,100
N287,N59,61
N542,N366,99
N598,N238,21
N102,N253,85
N246,N272,69
N835,N810,95
N57,N782,29
N589,N866,50
N363,N957,23
N180,N242,76
N325,N825,95
N714,N367,76
N28,N720,90
N360,N970,73
N577,N145,73
N971,N192,64
N555,N316,23
N502,N38,12
N57,N238,78
N224,N20,68
N489,N0,43
N939,N628,26
N825,N133,44
N734,N181,42
N60,N22,19
N600,N721,19
N792,N113,68
N881,N373,10
N382,N721,85
N405,N600,13
N344,N309,42
N139,N999,21
N749,N971,56
N810,N654,63
N664,N324,23
N724,N991,72
N710,N910,79
N805,N365,29
N681,N603,23
N387,N314,94
N705,N301,17
N181,N746,1
N971,N718,74
N400,N871,99
N988,N581,5
N186,N616,41
N943,N828,79
N226,N654,73
N106,N959,64
N144,N339,96
N79,N243,45
N327,N171,82
N906,N986,12
N841,N725,86
N654,N746,43
N457,N11,34
N214,N255,89
N69,N358,33
N805,N110,93
N1,N49,50
N448,N750,54
N992,N170,53
N504,N902,49
N359,N559,49
N103,N848,62
N807,N884,74
N666,N776,88
N230,N166,58
N75,N818,5
N301,N20,41
N267,N974,14
N75,N350,22
N909,N384,21
N749,N76,71
N964,N919,12
N346,N608,79
N914,N494,91
N31,N441,84
N168,N621,56
N160,N54,13
N339,N210,25
N419,N713,71
N739,N947,94
N553,N271,85
N288,N304,31
N98,N50,51
N585,N562,63
N157,N55,47
N3,N437,12
N301,N843,85
N640,N614,62
N204,N99,4
N211,N174,82
N298,N83,61
N864,N118,40
N803,N407,61
N500,N916,85
N271,N93,83
N557,N396,24
N379,N906,49
N378,N191,58
N45,N269,57
N476,N269,29
N857,N275,73
N63,N154,97
N713,N683,13
N87,N684,45
N827,N554,53
N994,N774,76
N232,N566,8
N860,N396,67
N428,N988,69
N703,N887,61
N586,N902,31
N487,N306,11
N404,N924,92
N35,N514,74
N922,N529,74
N693,N635,19
N123,N972,97
N459,N177,22
N995,N216,25
N129,N43,55
N80,N699,56
N206,N842,81
N151,N854,77
N264,N327,94
N936,N826,9
N89,N397,72
N406,N565,42
N877,N282,67
N469,N939,2
N805,N717,80
N601,N535,54
N115,N424,20
N151,N580,76
N596,N776,13
N947,N108,73
N798,N103,37
N888,N548,45
N898,N420,34
N392,N670,63
N585,N623,61
N38,N176,36
N412,N147,80
N623,N697,89
N411,N39,51
N910,N900,43
N707,N243,7
N763,N486,35
N918,N381,3
N345,N837,39
N318,N287,63
N878,N712,88
N100,N995,30
N137,N307,96
N453,N792,42
N275,N746,54
N619,N661,12
N192,N452,28
N935,N843,53
N758,N496,98
N528,N888,48
N840,N57,66
N810,N162,9
N318,N726,65
N413,N138,100
N871,N536,73
N29,N177,25
N896,N852,26
N857,N59,32
N33,N467,7
N940,N369,91
N203,N280,48
N843,N475,65
N406,N650,16
N697,N31,31
N381,N500,77
N456,N181,61
N600,N564,45
N352,N167,34
N766,N850,89
N92,N291,4
N395,N50,21
N874,N585,100
N988,N219,29
N662,N230,87
N211,N275,84
N419,N525,3
N885,N799,99
N698,N9,61
N933,N135,83
N177,N615,2
N229,N258,78
N824,N965,40
N729,N990,91
N658,N281,55
N916,N385,45
N470,N258,28
N477,N309,87
N533,N844,80
N406,N598,14
N7,N523,85
N989,N863,48
N574,N662,77
N623,N289,39
N700,N110,62
N65,N344,36
N655,N332,36
N267,N671,92
N975,N913,84
N305,N192,20
N529,N783,31
N921,N58,77
N413,N676,41
N697,N143,93
N26,N671,64
N302,N265,54
N414,N397,95
N36,N597,91
N585,N835,25
N351,N743,92
N227,N702,69
N653,N803,61
N928,N963,86
N367,N519,39
N865,N174,85
N897,N571,24
N300,N99,61
N131,N758,34
N742,N827,72
N781,N934,24
N969,N696,43
N670,N91,29
N363,N228,96
N892,N314,54
N807,N908,43
N380,N266,75
N301,N474,16
N481,N54,82
N597,N594,80
N72,N483,25
N512,N122,88
N390,N542,39
N423,N55,20
N140,N205,44
N419,N583,59
N146,N323,92
N184,N797,11
N499,N340,81
N181,N320,82
N59,N4,58
N280,N214,98
N792,N172,74
N782,N162,63
N804,N781,100
N90,N132,79
N444,N648,55
N413,N439,62
N392,N4,5
N546,N204,94
N382,N972,2
N913,N329,97
N853,N543,25
N18,N692,1
N641,N751,32
N231,N710,45
N319,N132,14
N392,N515,76
N313,N171,9
N843,N46,39
N971,N297,59
N745,N532,77
N536,N345,56
N909,N703,18
N350,N923,63
N367,N768,25
N168,N970,52
N19,N233,29
N744,N134,28
N751,N22,76
N516,N173,16
N375,N728,84
N811,N38,49
N897,N655,33
N789,N547,80
N49,N608,7
N677,N110,84
N856,N20,7
N706,N118,54
N454,N389,16
N560,N258,61
N718,N156,27
N711,N702,81
N9,N308,54
N677,N103,85
N532,N276,80
N620,N717,18
N428,N850,14
N523,N736,80
N120,N289,15
N803,N108,64
N203,N623,26
N796,N269,67
N996,N206,46
N720,N419,38
N164,N40,71
N508,N932,27
N704,N955,62
N338,N240,1
N13,N687,12
N928,N113,74
N685,N505,20
N972,N92,100
N523,N76,93
N740,N103,33
N659,N236,59
N303,N270,60
N51,N102,23
N895,N40,38
N368,N820,87
N320,N436,95
N118,N97,98
N911,N46,2
N872,N141,85
N662,N174,43
N366,N915,57
N978,N636,35
N899,N750,12
N381,N834,44
N187,N116,52
N409,N985,59
N278,N855,50
N706,N871,62
N819,N431,84
N907,N816,22
N115,N135,90
N743,N60,21
N106,N426,76
N494,N821,73
N694,N448,24
N625,N388,100
N367,N626,4
N883,N700,94
N996,N913,17
N494,N942,63
N115,N908,53
N451,N47,9
N267,N670,41
N12,N721,87
N537,N785,96
N590,N741,73
N229,N978,86
N894,N346,67
N535,N704,90
N633,N97,56
N677,N744,32
N493,N354,85
N692,N656,50
N152,N859,72
N913,N627,7
N11,N658,21
N517,N869,61
N872,N507,22
N76,N769,63
N328,N246,43
N993,N284,7
N519,N228,71
N658,N387,52
N836,N240,11
N470,N454,74
N458,N90,64
N457,N323,16
N509,N763,84
N18,N105,52
N422,N36,72
N562,N0,12
N810,N618,80
N652,N311,66
N575,N211,84
N687,N467,44
N372,N845,7
N836,N228,59
N339,N573,99
N634,N614,61
N733,N672,47
N733,N463,15
N99,N777,85
N227,N2,44
N363,N849,82
N987,N819,38
N560,N534,48
N718,N108,6
N918,N168,64
N143,N841,92
N760,N738,53
N109,N260,79
N200,N192,16
N952,N872,51
N220,N468,25
N733,N346,14
N775,N424,6
N948,N648,87
N602,N126,99
N913,N461,59
N674,N603,65
N137,N986,64
N4,N543,95
N49,N566,56
N858,N599,62
N946,N520,100
N943,N932,23
N708,N592,23
N748,N834,17
N106,N396,85
N614,N620,42
N516,N902,50
N428,N623,89
N780,N254,36
N407,N986,44
N993,N301,58
N824,N136,18
N422,N616,90
N907,N766,66
N306,N863,90
N560,N881,41
N728,N754,71
N647,N222,26
N214,N639,92
N297,N703,45
N943,N688,17
N727,N665,23
N515,N555,89
N652,N330,91
N118,N779,46
N575,N491,75
N584,N965,86
N727,N427,87
N765,N915,69
N292,N898,55
N827,N13,67
N109,N25,49
N148,N54,86
N57,N204,35
N768,N804,21
N293,N699,33
N149,N859,8
N707,N803,38
N208,N771,70
N33,N367,58
N104,N630,87
N757,N575,29
N760,N662,72
N398,N243,66
N803,N815,90
N294,N709,86
N48,N948,49
N396,N426,88
N320,N989,71
N55,N13,96
N257,N207,80
N889,N799,57
N849,N230,82
N721,N726,83
N376,N773,76
N559,N756,78
N201,N794,93
N987,N198,38
N459,N181,88
N76,N191,23
N752,N526,16
N386,N41,55
N285,N569,34
N133,N164,75
N866,N261,1
N338,N477,91
N959,N158,6
N157,N950,42
N611,N52,100
N954,N640,79
N863,N677,39
N502,N808,74
N563,N366,10
N802,N724,41
N538,N225,24
N533,N69,65
N163,N425,70
N549,N413,12
N357,N226,28
N679,N339,43
N369,N300,28
N973,N770,80
N543,N486,72
N843,N770,84
N9,N117,86
N354,N456,31
N926,N657,79
N940,N636,32
N981,N40,88
N906,N328,49
N937,N815,15
N395,N262,70
N741,N289,4
N933,N529,99
N383,N526,66
N456,N498,6
N303,N919,84
N197,N328,66
N84,N970,13
N171,N994,99
N550,N546,1
N641,N67,27
N686,N644,100
N218,N885,88
N434,N855,14
N210,N550,90
N899,N999,95
N793,N445,83
N836,N962,10
N764,N702,20
N24,N470,92
N339,N38,12
N75,N55,23
N813,N257,72
N72,N588,30
N932,N264,53
N397,N461,81
N414,N443,41
N17,N398,87
N121,N547,1
N656,N737,80
N64,N774,96
N599,N46,90
N868,N74,46
N950,N514,14
N296,N805,88
N308,N621,12
N288,N783,57
N390,N404,85
N31,N485,21
N546,N225,18
N764,N400,70
N302,N983,82
N147,N305,87
N908,N936,94
N663,N382,2
N566,N895,72
N144,N126,6
N5,N586,77
N403,N550,71
N969,N87,40
N215,N766,95
N925,N743,45
N216,N422,83
N871,N524,19
N164,N188,29
N631,N854,33
N198,N117,24
N687,N818,73
N872,N55,97
N954,N562,60
N660,N562,10
N297,N687,9
N256,N100,26
N743,N594,63
N974,N338,46
N131,N687,84
N240,N102,37
N634,N71,25
N325,N497,58
N336,N631,85
N313,N710,75
N156,N579,73
N373,N827,41
N981,N438,22
N4,N320,32
N804,N226,92
N757,N656,56
N283,N860,47
N137,N695,94
N339,N898,62
N473,N456,46
N793,N312,63
N564,N111,23
N661,N621,11
N861,N287,18
N912,N551,26
N269,N751,81
N78,N744,10
N913,N19,65
N646,N31,75
N592,N414,99
N604,N217,5
N564,N266,70
N915,N552,61
N669,N793,20
N374,N401,29
N912,N790,76
N750,N877,38
N137,N475,65
N522,N92,51
N372,N514,2
N678,N244,79
N700,N169,97
N526,N143,58
N163,N183,73
N971,N579,85
N893,N990,19
N753,N749,62
N961,N367,6
N224,N779,63
N237,N64,34
N378,N239,6
N684,N211,67
N929,N810,47
N397,N480,59
N902,N47,6
N664,N331,14
N720,N991,67
N648,N849,36
N854,N759,34
N592,N557,73
N178,N385,84
N387,N374,76
N669,N919,10
N529,N257,49
N996,N929,29
N528,N415,46
N836,N888,45
N498,N811,62
N908,N618,1
N513,N903,18
N450,N169,30
N78,N526,83
N287,N216,20
N191,N161,47
N616,N734,16
N676,N235,54
N830,N338,93
N116,N493,87
N490,N215,76
N165,N662,53
N22,N249,6
N130,N587,76
N164,N137,81
N524,N40,74
N150,N57,22
N264,N944,24
N529,N981,52
N613,N992,73
N652,N19,93
N745,N677,37
N969,N87,28
N459,N621,61
N888,N493,22
N224,N850,53
N615,N146,75
N840,N785,24
N638,N675,66
N270,N171,93
N702,N350,59
N610,N604,9
N235,N387,50
N135,N111,3
N207,N535,65
N700,N429,20
N620,N98,23
N487,N923,79
N614,N39,69
N515,N770,16
N95,N493,85
N133,N923,78
N552,N847,1
N918,N960,100
N694,N664,56
N534,N430,48
N895,N44,90
N542,N439,30
N960,N821,62
N808,N787,49
N358,N603,95
N929,N779,90
N589,N100,55
N137,N260,62
N784,N238,11
N290,N612,70
N418,N263,25
N5,N726,96
N808,N7,74
N535,N120,67
N7,N384,84
N210,N704,41
N418,N370,14
N158,N436,84
N599,N259,34
N875,N548,55
N578,N374,79
N282,N696,51
N773,N208,53
N565,N802,72
N494,N183,48
N572,N568,62
N259,N314,74
N352,N792,91
N407,N753,18
N875,N884,85
N121,N765,30
N457,N801,90
N972,N165,13
N219,N520,52
N804,N346,71
N628,N713,88
N723,N53,21
N398,N987,82
N5,N823,12
N843,N148,61
N948,N614,56
N90,N65,34
N227,N379,11
N623,N38,93
N393,N953,52
N628,N671,67
N293,N728,77
N58,N968,100
N839,N179,82
N506,N449,2
N206,N870,85
N953,N823,67
N292,N199,5
N802,N613,66
N528,N715,30
N629,N173,87
N36,N368,31
N670,N0,21
N88,N282,100
N409,N361,86
N404,N415,76
N205,N530,2
N754,N720,9
N941,N92,71
N291,N743,72
N936,N596,45
N355,N986,36
N231,N620,25
N465,N952,52
N588,N4,34
N179,N416,65
N109,N572,10
N515,N301,44
N969,N119,66
N979,N263,69
N832,N812,74
N256,N710,57
N989,N386,73
N495,N788,32
N775,N347,100
N469,N697,59
N918,N600,4
N493,N119,34
N69,N391,82
N807,N225,87
N718,N235,41
N422,N978,46
N528,N548,2
N717,N852,34
N254,N294,12
N408,N689,96
N840,N350,10
N567,N953,23
N487,N321,46
N223,N915,74
N275,N187,96
N699,N952,25
N510,N754,26
N240,N753,31
N893,N271,27
N234,N207,32
N856,N633,46
N159,N797,14
N122,N942,11
N692,N978,85
N504,N628,1
N782,N877,70
N980,N43,62
N380,N635,41
N504,N919,74
N889,N281,63
N187,N782,66
N286,N407,29
N768,N590,17
N55,N538,55
N489,N962,70
N33,N514,45
N403,N881,88
N794,N178,59
N999,N123,90
N530,N471,41
N705,N8,2
N690,N215,49
N594,N103,42
N370,N627,34
N191,N561,34
N242,N275,61
N981,N627,44
N374,N188,64
N434,N215,54
N717,N770,48
N373,N874,52
N286,N461,24
N585,N134,74
N702,N234,13
N738,N276,31
N568,N442,49
N200,N149,95
N153,N484,2
N180,N431,64
N137,N914,81
N529,N546,93
N323,N804,63
N307,N256,72
N879,N581,7
N407,N101,89
N167,N61,28
N833,N260,61
N859,N644,13
N460,N762,43
N266,N369,47
N573,N570,33
N352,N20,53
N124,N359,87
N986,N620,26
N590,N589,84
N664,N551,23
N799,N291,46
N332,N689,66
N499,N793,95
N457,N910,11
N390,N628,37
N474,N646,19
N889,N171,82
N827,N950,44
N431,N646,79
N585,N414,10
N81,N165,44
N233,N321,41
N668,N298,91
N273,N619,83
N404,N277,57
N799,N883,47
N765,N601,67
N988,N461,53
N171,N188,3
N128,N745,31
N677,N257,96
N717,N767,11
N215,N170,51
N105,N97,9
N959,N899,61
N561,N55,4
N789,N406,68
N783,N85,14
N268,N632,20
N86,N670,50
N316,N234,32
N755,N290,57
N641,N129,17
N539,N858,22
N29,N35,85
N365,N881,42
N884,N487,60
N998,N891,70
N957,N278,71
N455,N138,90
N552,N181,76
N611,N467,81
N766,N651,73
N445,N536,82
N654,N546,40
N930,N355,62
N552,N232,12
N452,N315,47
N422,N266,20
N310,N10,1
N535,N834,98
N868,N139,45
N293,N480,69
N8,N704,63
N969,N773,62
N306,N9,99
N440,N817,38
N611,N236,1
N561,N382,25
N421,N903,72
N447,N404,32
N167,N732,95
N661,N399,49
N225,N269,11
N432,N640,31
N529,N782,79
N826,N710,88
N278,N291,84
N760,N544,35
N422,N192,9
N186,N139,38
N113,N652,59
N632,N463,35
N717,N637,63
N192,N328,3
N155,N50,69
N22,N190,14
N288,N275,17
N732,N448,94
N8,N238,12
N154,N15,64
N222,N350,54
N319,N804,64
N380,N474,90
N810,N32,43
N82,N863,97
N974,N149,8
N272,N794,51
N73,N556,61
N185,N196,33
N836,N390,2
N124,N997,99
N731,N254,50
N789,N998,57
N253,N755,5
N203,N471,95
N789,N96,67
N681,N213,61
N398,N697,40
N958,N330,21
N644,N745,6
N762,N959,71
N533,N125,33
N492,N653,39
N203,N369,7
N884,N682,28
N996,N115,31
N648,N444,42
N15,N171,36
N598,N122,51
N808,N248,2
N992,N43,75
N802,N707,61
N704,N610,20
N380,N789,12
N254,N161,64
N93,N702,80
N346,N953,98
N640,N61,8
N364,N660,20
N718,N549,14
N128,N499,30
N324,N571,83
N774,N355,57
N750,N197,3
N705,N386,46
N741,N137,33
N920,N40,63
N723,N448,72
N301,N555,90
N501,N194,73
N191,N556,45
N331,N749,60
N281,N888,77
N936,N881,71
N164,N70,68
N158,N460,38
N839,N269,70
N375,N464,1
N794,N653,65
N388,N751,24
N904,N19,80
N877,N372,100
N635,N244,42
N738,N64,85
N990,N551,50
N194,N536,88
N509,N784,71
N157,N627,37
N330,N419,83
N329,N113,13
N535,N674,9
N44,N855,17
N182,N894,5
N206,N109,63
N196,N101,5
N584,N657,50
N673,N501,68
N638,N718,76
N262,N50,47
N226,N620,92
N72,N13,27
N671,N503,11
N479,N820,82
N62,N369,72
N761,N960,54
N841,N377,91
N59,N843,79
N272,N541,6
N751,N72,39
N79,N967,28
N983,N531,13
N103,N742,30
N544,N394,25
N197,N538,85
N254,N583,81
N970,N183,72
N767,N571,54
N764,N108,99
N653,N590,46
N690,N469,90
N681,N437,14
N170,N811,24
N563,N411,65
N345,N673,21
N546,N614,57
N955,N360,41
N563,N332,48
N422,N782,82
N440,N845,93
N331,N623,31
N576,N558,28
N384,N784,71
N948,N762,33
N368,N984,58
N458,N982,51
N0,N743,5
N291,N610,3
N530,N138,39
N6,N307,29
N219,N876,41
N22,N790,89
N842,N282,71
N523,N569,74
N948,N585,20
N96,N38,59
N364,N159,18
N271,N375,75
N255,N238,33
N830,N307,12
N584,N409,73
N939,N222,94
N79,N740,42
N811,N494,23
N499,N845,89
N719,N590,13
N609,N657,39
N38,N748,74
N390,N80,100
N57,N943,99
N342,N356,56
N426,N952,16
N890,N788,30
N765,N668,78
N950,N11,82
N796,N647,49
N55,N312,68
N42,N326,70
N578,N153,42
N514,N714,29
N156,N51,87
N749,N402,58
N770,N609,74
N516,N92,29
N442,N296,51
N151,N135,44
N84,N487,74
N763,N50,71
N408,N268,11
N408,N513,56
N792,N714,17
N780,N138,62
N572,N202,63
N404,N667,74
N200,N574,79
N753,N536,32
N248,N73,35
N795,N440,42
N701,N946,74
N91,N115,86
N423,N433,47
N356,N195,42
N352,N608,84
N24,N788,40
N173,N358,79
N841,N822,57
N638,N149,57
N45,N946,30
N204,N701,48
N159,N775,94
N873,N87,15
N757,N55,32
N971,N635,19
N889,N852,37
N14,N351,89
N823,N113,40
N460,N482,3
N339,N214,95
N550,N216,27
N559,N535,97
N264,N561,62
N637,N747,19
N711,N715,86
N18,N385,75
N927,N679,68
N44,N261,22
N61,N290,26
N808,N713,80
N277,N54,60
N670,N967,2
N68,N397,85
N277,N678,85
N368,N885,14
N19,N299,84
N395,N236,49
N520,N726,13
N925,N323,63
N887,N611,69
N90,N190,26
N512,N989,59
N574,N948,92
N22,N40,32
N944,N542,40
N341,N501,51
N762,N160,3
N355,N700,46
N363,N640,39
N241,N513,36
N831,N63,81
N263,N899,50
N911,N834,4
N966,N568,36
N230,N155,44
N918,N402,85
N140,N89,94
N391,N533,87
N627,N893,81
N702,N232,54
N246,N586,20
N436,N993,40
N931,N619,43
N459,N555,17
N211,N668,18
N594,N554,88
N819,N207,18
N316,N705,91
N920,N536,18
N440,N930,99
N148,N671,73
N939,N161,41
N69,N570,69
N971,N736,16
N188,N325,19
N744,N30,98
N326,N901,53
N984,N421,39
N453,N763,82
N955,N756,36
N155,N797,25
N109,N134,24
N26,N780,79
N631,N273,78
N580,N627,30
N610,N237,30
N703,N26,46
N81,N704,100
N488,N137,65
N866,N619,61
N729,N665,48
N188,N872,50
N503,N485,18
N167,N197,29
N33,N418,98
N992,N15,35
N973,N422,29
N760,N687,26
N775,N209,9
N181,N949,57
N887,N631,63
N704,N332,59
N908,N252,55
N414,N794,6
N622,N752,49
N737,N320,51
N626,N961,96
N585,N608,69
N537,N656,91
N805,N39,67
N111,N462,59
N846,N898,6
N898,N251,67
N550,N405,95
N40,N571,50
N528,N783,81
N985,N50,25
N298,N450,51
N905,N311,100
N847,N292,60
N170,N432,38
N627,N941,7
N706,N529,19
N474,N849,83
N462,N92,93
N512,N115,24
N797,N599,90
N559,N138,51
N423,N331,58
N25,N183,59
N604,N918,92
N917,N206,59
N92,N256,42
N708,N664,92
N815,N167,92
N750,N126,12
N116,N723,58
N649,N371,11
N536,N724,50
N744,N810,66
N626,N972,21
N387,N563,49
N44,N786,22
N934,N343,73
N892,N675,20
N166,N889,19
N183,N787,92
N52,N429,40
N316,N747,99
N984,N456,37
N641,N185,16
N920,N134,26
N3,N637,98
N259,N12,59
N509,N875,64
N556,N826,1
N622,N903,64
N243,N222,76
N675,N487,59
N419,N452,11
N615,N614,1
N250,N903,71
N284,N634,81
N570,N839,27
N50,N189,19
N56,N668,45
N37,N148,5
N683,N591,78
N305,N339,12
N50,N111,54
N182,N165,87
N291,N625,85
N708,N716,77
N586,N806,72
N181,N989,59
N767,N592,47
N953,N36,12
N786,N306,42
N377,N919,49
N839,N69,98
N437,N863,71
N66,N299,61
N137,N124,89
N880,N281,43
N539,N423,68
N214,N712,27
N626,N59,14
N585,N747,81
N541,N89,62
N741,N705,78
N956,N807,91
N294,N437,78
N868,N324,34
N538,N588,80
N362,N949,17
N629,N576,64
N532,N746,81
N509,N504,24
N904,N624,30
N725,N297,25
N1,N121,4
N476,N640,16
N755,N868,27
N818,N630,54
N423,N46,43
N358,N573,82
N217,N11,82
N206,N706,37
N260,N809,9
N315,N307,65
N563,N331,99
N6,N116,88
N341,N349,51
N741,N582,79
N983,N29,23
N198,N338,44
N944,N688,62
N938,N485,5
N661,N139,62
N159,N642,59
N913,N885,69
N917,N343,60
N802,N833,53
N950,N760,8
N855,N533,39
N578,N742,87
N323,N568,69
N19,N213,74
N701,N339,46
N67,N992,20
N287,N860,4
N347,N384,81
N547,N862,22
N584,N620,50
N191,N609,15
N885,N801,97
N315,N722,41
N726,N32,35
N423,N88,64
N898,N243,48
N462,N849,39
N221,N537,39
N179,N114,48
N803,N38,100
N206,N935,12
N454,N518,4
N818,N494,65
N157,N194,44
N945,N495,94
N894,N536,40
N794,N335,19
N787,N892,13
N841,N960,67
N692,N135,27
N741,N37,59
N396,N730,67
N118,N4,40
N954,N45,88
N868,N608,12
N341,N478,6
N105,N533,99
N674,N763,40
N23,N591,98
N319,N654,27
N328,N205,25
N293,N283,69
N326,N791,57
N687,N120,35
N152,N161,36
N117,N15,80
N573,N526,14
N211,N555,45
N562,N326,35
N144,N965,91
N823,N290,74
N250,N175,10
N318,N627,44
N553,N454,7
N133,N29,61
N924,N691,7
N108,N392,7
N88,N436,51
N183,N721,77
N912,N606,81
N856,N706,90
N456,N631,46
N319,N340,26
N730,N776,86
N828,N546,11
N997,N944,97
N782,N476,73
N134,N95,90
N479,N99,59
N317,N700,83
N727,N784,60
N481,N237,29
N147,N881,79
N264,N934,47
N401,N187,90
N939,N681,43
N807,N881,42
N464,N499,4
N66,N486,15
N359,N490,60
N866,N174,37
N786,N356,78
N588,N130,66
N105,N415,92
N815,N109,42
N569,N665,10
N811,N309,69
N472,N410,76
N423,N244,80
N249,N561,21
N997,N493,50
N67,N348,27
N833,N710,76
N441,N803,56
N580,N806,44
N557,N710,31
N177,N678,86
N79,N757,92
N587,N856,63
N117,N606,77
N474,N333,72
N99,N841,57
N180,N315,52
N71,N612,14
N701,N833,77
N789,N839,49
N335,N506,83
N676,N62,12
N222,N836,18
N908,N594,97
N651,N829,1
N775,N150,85
N152,N463,69
N298,N399,79
N591,N457,26
N210,N697,41
N306,N583,87
N311,N940,56
N735,N937,45
N91,N596,2
N626,N522,52
N867,N130,38
N63,N378,71
N991,N54,1
N720,N573,46
N112,N881,37
N886,N31,31
N442,N719,76
N403,N640,41
N728,N391,52
N390,N445,70
N216,N678,23
N486,N142,25
N568,N393,47
N860,N427,20
N295,N893,86
N128,N137,2
N73,N663,3
N147,N738,63
N673,N447,18
N86,N140,83
N825,N425,59
N915,N807,90
N618,N952,55
N638,N184,59
N521,N434,71
N839,N460,50
N363,N231,24
N434,N619,1
N591,N510,94
N242,N729,65
N275,N420,70
N590,N375,5
N38,N581,62
N721,N377,15
N594,N493,89
N81,N145,94
N748,N539,97
N797,N286,60
N529,N80,67
N911,N624,12
N251,N483,81
N759,N679,86
N79,N700,82
N552,N817,75
N319,N627,7
N925,N351,69
N797,N11,61
N464,N524,61
N587,N751,43
N431,N361,38
N296,N171,5
N711,N945,77
N767,N311,94
N803,N577,34
N62,N644,61
N592,N173,74
N52,N672,38
N828,N755,80
N27,N293,63
N84,N129,65
N78,N871,36
N258,N135,79
N287,N281,33
N14,N759,15
N618,N178,76
N756,N154,85
N457,N378,23
N267,N801,90
N241,N496,24
N818,N540,5
N351,N86,19
N609,N956,20
N857,N507,97
N422,N788,50
N243,N676,57
N743,N652,22
N215,N591,94
N862,N353,7
N657,N270,97
N839,N118,7
N171,N475,52
N487,N308,61
N764,N971,97
N944,N545,30
N388,N699,91
N399,N485,34
N148,N543,56
N12,N295,58
N391,N694,41
N984,N542,88
N978,N42,13
N939,N544,82
N362,N979,56
N625,N940,84
N878,N279,43
N276,N273,13
N261,N670,75
N400,N472,99
N691,N767,31
N751,N688,76
N788,N199,67
N345,N693,89
N184,N320,71
N10,N688,2
N851,N69,2
N421,N100,68
N106,N701,58
N359,N224,93
N290,N257,25
N34,N24,80
N94,N58,77
N672,N915,28
N973,N613,82
N124,N725,16
N88,N876,78
N133,N384,85
N782,N921,83
N579,N822,24
N917,N113,90
N188,N259,38
N478,N676,10
N654,N464,36
N787,N437,89
N925,N683,99
N788,N331,33
N165,N799,10
N283,N795,8
N391,N397,43
N61,N264,34
N182,N451,9
N503,N950,26
N624,N402,23
N660,N503,14
N147,N553,99
N441,N223,79
N658,N108,57
N732,N265,14
N35,N74,10
N585,N745,33
N795,N456,3
N918,N509,20
N668,N655,1
N955,N38,86
N399,N272,20
N716,N337,51
N588,N3,66
N724,N962,99
N502,N489,56
N413,N864,94
N799,N831,9
N553,N231,1
N393,N977,89
N837,N798,62
N124,N580,69
N957,N367,43
N698,N310,52
N56,N647,83
N92,N374,69
N873,N983,44
N82,N861,59
N778,N784,38
N663,N207,23
N567,N40,50
N676,N195,39
N712,N399,14
N645,N705,46
N498,N86,81
N448,N752,25
N143,N36,25
N25,N737,76
N244,N500,50
N64,N811,70
N658,N315,64
N546,N988,58
N989,N16,5
N347,N57,44
N806,N738,6
N415,N121,28
N826,N669,86
N535,N469,87
N891,N895,69
N152,N758,75
N238,N947,10
N37,N753,19
N500,N669,3
N482,N928,80
N46,N248,90
N664,N133,2
N176,N647,7
N926,N314,13
N467,N625,22
N855,N605,9
N837,N108,15
N509,N609,79
N225,N64,26
N436,N345,95
N694,N411,42
N123,N999,88
N589,N558,18
N329,N856,28
N782,N46,76
N177,N343,9
N123,N280,19
N775,N425,22
N713,N378,71
N168,N449,32
N947,N595,6
N136,N102,81
N627,N385,100
N161,N16,63
N82,N6,1
N183,N948,12
N723,N667,76
N908,N290,54
N710,N826,99
N487,N708,17
N211,N146,82
N277,N535,58
N421,N244,23
N625,N708,5
N610,N184,92
N511,N626,12
N642,N846,39
N356,N428,1
N571,N241,25
N120,N542,13
N633,N370,98
N552,N519,29
N475,N788,81
N675,N213,36
N54,N198,15
N815,N152,88
N864,N991,61
N509,N180,21
N686,N944,6
N55,N660,47
N291,N214,56
N257,N342,79
N824,N911,98
N464,N44,14
N758,N53,69
N180,N161,4
N496,N527,15
N72,N916,31
N738,N455,76
N593,N333,54
N203,N765,87
N919,N333,30
N797,N112,42
N233,N100,31
N755,N422,26
N384,N912,29
N75,N482,75
N496,N55,56
N148,N221,79
N465,N182,50
N382,N139,59
N737,N198,81
N367,N998,35
N207,N343,17
N32,N708,73
N61,N287,18
N113,N872,60
N469,N428,22
N778,N351,29
N907,N302,78
N160,N808,82
N975,N626,22
N591,N993,71
N875,N235,12
N421,N877,67
N500,N882,28
N605,N484,60
N285,N14,94
N438,N753,32
N253,N335,56
N593,N227,76
N968,N152,74
N919,N5,54
N45,N41,61
N751,N787,65
N34,N435,68
N403,N490,90
N841,N100,58
N507,N246,11
N571,N771,2
N709,N749,53
N972,N223,17
N367,N302,31
N663,N92,3
N491,N685,40
N165,N720,59
N878,N584,96
N597,N24,59
N474,N790,18
N895,N720,52
N189,N808,48
N641,N475,91
N648,N1,81
N72,N394,89
N340,N543,5
N303,N436,97
N276,N714,79
N555,N589,27
N806,N701,11
N635,N901,43
N753,N954,8
N527,N968,87
N372,N909,7
N113,N392,47
N476,N633,6
N374,N375,23
N663,N572,91
N68,N574,91
N792,N209,18
N342,N244,70
N116,N664,62
N755,N961,97
N594,N892,90
N214,N771,96
N779,N230,42
N361,N919,35
N515,N696,55
N283,N55,9
N381,N353,58
N497,N513,68
N849,N125,61
N726,N544,87
N845,N545,38
N462,N635,48
N819,N689,89
N828,N963,9
N192,N913,59
N89,N82,51
N919,N183,37
N981,N979,10
N111,N168,36
N114,N713,19
N508,N154,27
N533,N974,81
N23,N300,54
N992,N698,70
N954,N135,61
N355,N430,57
N755,N660,3
N298,N193,9
N22,N892,30
N854,N970,67
N660,N343,53
N592,N351,84
N661,N805,42
N497,N607,86
N713,N542,71
N455,N468,39
N580,N135,40
N175,N808,34
N232,N495,48
N994,N295,99
N865,N48,19
N361,N291,59
N979,N170,80
N946,N164,92
N548,N292,24
N996,N179,91
N709,N926,86
N813,N157,21
N243,N119,6
N324,N588,17
N451,N266,48
N188,N210,72
N724,N35,86
N324,N352,19
N381,N459,70
N998,N166,69
N308,N124,4
N414,N953,64
N786,N148,59
N950,N327,20
N4,N993,95
N559,N999,65
N339,N662,91
N302,N485,38
N992,N966,97
N587,N682,19
N818,N578,94
N928,N944,57
N346,N705,15
N749,N490,6
N142,N694,71
N119,N315,4
N411,N632,29
N456,N365,12
N334,N56,78
N656,N199,75
N539,N227,99
N284,N200,3
N85,N551,58
N693,N687,12
N999,N524,51
N199,N502,41
N617,N619,66
N966,N57,86
N369,N407,19
N733,N874,55
N378,N395,48
N12,N291,45
N359,N315,58
N895,N574,12
N220,N745,57
N759,N425,57
N295,N167,94
N993,N919,55
N746,N917,54
N142,N855,76
N612,N88,19
N212,N310,61
N888,N537,43
N67,N955,76
N774,N384,12
N6,N419,82
N936,N279,54
N179,N569,60
N727,N581,97
N936,N140,26
N190,N852,49
N296,N567,63
N43,N842,39
N854,N599,39
N505,N572,95
N474,N229,4
N810,N2,20
N268,N307,82
N854,N651,61
N127,N669,86
N914,N294,54
N183,N503,89
N660,N250,4
N122,N783,36
N504,N993,9
N613,N763,47
N595,N492,73
N446,N889,34
N643,N702,61
N997,N710,16
N382,N524,94
N589,N17,34
N166,N595,8
N149,N327,60
N899,N709,18
N365,N167,7
N279,N369,54
N651,N933,46
N49,N296,38
N542,N654,10
N526,N198,99
N643,N187,98
N96,N613,97
N171,N556,42
N893,N323,88
N819,N308,35
N701,N714,89
N371,N98,69
N593,N360,19
N13,N140,67
N288,N381,100
N496,N421,44
N943,N932,21
N104,N223,20
N515,N226,25
N814,N918,72
N628,N706,68
N866,N544,92
N564,N719,97
N821,N116,54
N471,N938,10
N119,N838,17
N945,N17,62
N356,N319,89
N371,N142,57
N911,N611,67
N781,N993,44
N176,N726,39
N29,N762,16
N227,N131,89
N145,N704,30
N314,N128,27
N133,N80,55
N707,N781,15
N79,N19,100
N495,N775,56
N43,N201,14
N33,N812,85
N525,N607,8
N480,N121,33
N44,N67,39
N683,N10,97
N98,N801,16
N942,N616,27
N601,N922,26
N189,N686,45
N29,N92,19
N866,N764,36
N971,N593,45
N360,N164,65
N799,N746,79
N247,N517,73
N69,N101,75
N781,N14,68
N222,N732,25
N987,N288,22
N923,N772,69
N4,N996,93
N101,N946,28
N942,N516,91
N486,N375,90
N603,N189,57
N689,N980,14
N185,N854,46
N388,N434,28
N526,N233,53
N115,N779,41
N126,N477,15
N532,N139,64
N780,N369,91
N295,N570,93
N41,N84,42
N505,N118,50
N290,N467,77
N753,N319,88
N999,N861,57
N231,N567,53
N297,N875,55
N193,N877,9
N916,N861,61
N961,N695,48
N183,N13,87
N503,N688,14
N405,N448,67
N674,N692,11
N122,N146,51
N410,N711,76
N104,N759,22
N66,N372,26
N346,N205,77
N864,N413,16
N238,N858,55
N742,N511,36
N783,N730,99
N595,N607,35
N774,N808,83
N965,N409,46
N487,N682,78
N972,N414,63
N523,N285,19
N786,N465,14
N125,N256,63
N509,N236,81
N965,N137,4
N101,N755,7
N850,N69,64
N694,N27,23
N391,N619,87
N334,N156,39
N636,N638,13
N778,N78,85
N769,N532,99
N504,N811,60
N206,N300,85
N509,N502,65
N267,N555,44
N828,N880,70
N559,N18,98
N32,N440,16
N392,N460,41
N873,N385,57
N470,N36,5
N181,N570,85
N881,N798,39
N905,N723,22
N503,N441,18
N319,N732,50
N499,N782,15
N582,N691,63
N675,N567,88
N552,N585,61
N487,N575,21
N518,N57,51
N269,N506,76
N994,N386,79
N692,N361,99
N291,N328,8
N28,N604,6
N131,N857,47
N357,N828,95
N597,N27,98
N912,N640,44
N389,N99,55
N353,N365,53
N359,N57,85
N250,N253,31
N663,N319,76
N86,N932,89
N67,N889,40
N117,N345,22
N20,N551,42
N38,N471,85
N884,N432,73
N527,N923,54
N273,N20,90
N480,N602,3
N324,N386,74
N399,N330,74
N100,N827,63
N102,N707,87
N210,N344,64
N514,N830,98
N683,N347,22
N629,N306,47
N992,N446,26
N508,N650,10
N860,N870,69
N219,N294,34
N48,N304,74
N411,N823,29
N639,N760,12
N734,N864,75
N97,N606,44
N279,N68,73
N820,N543,61
N437,N214,45
N814,N78,84
N843,N309,65
N823,N307,56
N679,N552,41
N204,N424,52
N257,N639,66
N464,N687,98
N560,N184,3
N642,N720,67
N883,N191,74
N511,N218,85
N985,N843,96
N960,N478,35
N959,N653,69
N828,N629,99
N928,N444,73
N744,N641,8
N534,N205,47
N473,N151,31
N154,N764,88
N783,N307,56
N420,N326,9
N649,N208,53
N273,N843,37
N661,N164,33
N703,N615,31
N415,N244,15
N153,N196,4
N251,N816,40
N475,N497,72
N446,N432,83
N927,N37,26
N163,N279,18
N29,N264,36
N674,N563,23
N659,N872,6
N986,N739,63
N801,N20,8
N880,N918,11
N321,N616,39
N887,N65,53
N918,N372,86
N673,N906,12
N406,N965,93
N862,N143,31
N114,N584,95
N512,N955,16
N534,N680,75
N972,N793,68
N257,N508,12
N243,N614,16
N791,N826,41
N337,N852,75
N754,N399,96
N761,N241,55
N223,N147,14
N179,N219,36
N450,N418,33
N883,N603,8
N502,N546,48
N716,N971,15
N324,N558,55
N486,N699,32
N986,N284,19
N371,N486,92
N376,N841,40
N21,N660,78
N35,N861,95
N678,N818,7
N707,N939,86
N245,N259,71
N393,N316,82
N981,N717,47
N924,N831,88
N124,N547,31
N878,N453,50
N8,N931,51
N949,N939,33
N308,N92,97
N241,N304,27
N880,N911,21
N937,N449,81
N324,N900,99
N659,N416,5
N280,N887,11
N842,N798,63
N482,N754,53
N948,N861,43
N734,N432,13
N844,N164,90
N267,N518,9
N360,N430,78
N746,N832,71
N755,N334,59
N711,N28,98
N53,N656,83
N188,N645,57
N810,N656,18
N3,N410,26
N643,N312,41
N589,N84,15
N161,N255,67
N730,N992,99
N850,N664,98
N133,N867,77
N702,N420,41
N462,N489,95
N136,N266,23
N703,N607,42
N818,N288,26
N86,N424,48
N186,N402,49
N967,N854,74
N229,N21,3
N945,N571,83
N626,N641,30
N928,N91,60
N203,N268,90
N872,N172,7
N410,N632,55
N614,N266,20
N91,N981,48
N174,N969,73
N120,N14,92
N538,N445,99
N942,N950,59
N847,N689,64
N121,N229,92
N208,N195,35
N294,N764,64
N391,N133,56
N876,N211,77
N220,N843,37
N744,N693,25
N428,N184,53
N811,N149,4
N297,N999,34
N241,N632,58
N929,N254,48
N596,N700,83
N469,N87,2
N480,N136,42
N997,N709,51
N703,N217,92
N392,N725,55
N753,N611,33
N74,N97,72
N60,N53,43
N953,N240,61
N930,N362,78
N961,N686,77
N726,N766,6
N5,N259,65
N634,N390,39
N404,N687,48
N135,N991,72
N42,N594,23
N266,N173,65
N504,N952,44
N898,N479,17
N91,N324,91
N543,N443,19
N266,N119,41
N45,N130,64
N892,N996,36
N765,N369,56
N289,N924,34
N627,N849,98
N948,N270,67
N320,N446,22
N323,N754,63
N782,N972,20
N569,N873,85
N651,N817,57
N54,N193,20
N55,N235,24
N36,N481,34
N167,N722,60
N446,N118,64
N41,N452,46
N726,N574,63
N468,N504,15
N866,N737,19
N126,N357,12
N208,N889,37
N184,N854,22
N767,N520,35
N576,N912,85
N599,N217,75
N994,N4,68
N785,N584,24
N426,N942,10
N252,N786,64
N693,N96,43
N26,N291,88
N696,N124,51
N382,N604,14
N857,N331,20
N29,N83,59
N850,N724,85
N491,N464,81
N978,N275,77
N673,N5,43
N993,N44,84
N637,N973,58
N332,N970,94
N751,N928,73
N132,N216,7
N820,N659,37
N330,N817,8
N761,N72,71
N974,N616,49
N94,N408,33
N182,N245,99
N886,N408,12
N21,N872,27
N166,N397,100
N412,N291,83
N770,N977,84
N157,N123,39
N502,N820,56
N753,N825,40
N925,N701,78
N134,N367,86
N98,N852,48
N524,N204,63
N456,N906,50
N487,N274,73
N614,N433,12
N774,N432,48
N628,N190,56
N645,N436,12
N41,N525,44
N996,N474,87
N229,N663,88
N730,N158,64
N539,N644,83
N537,N85,38
N479,N447,11
N928,N820,62
N307,N152,17
N700,N924,39
N861,N254,67
N437,N302,73
N48,N564,10
N939,N46,66
N110,N522,55
N422,N96,60
N676,N737,73
N832,N259,46
N260,N599,11
N787,N515,3
N116,N758,85
N473,N183,24
N863,N402,6
N85,N426,91
N304,N321,76
N741,N465,97
N686,N460,80
N827,N271,44
N989,N940,24
N216,N189,11
N764,N618,34
N892,N689,14
N444,N547,3
N5,N404,15
N13,N175,84
N488,N471,89
N414,N889,85
N988,N762,78
N743,N498,39
N633,N832,79
N369,N707,87
N986,N706,87
N404,N823,39
N89,N128,18
N14,N195,15
N835,N16,90
N993,N192,4
N214,N492,84
N148,N665,31
N446,N862,81
N878,N808,69
N195,N88,39
N788,N474,19
N485,N432,3
N119,N170,20
N756,N719,57
N986,N496,61
N20,N880,58
N599,N248,26
N301,N583,51
N52,N341,2
N105,N645,92
N442,N425,64
N754,N592,77
N748,N567,38
N37,N499,52
N497,N525,76
N742,N626,87
N926,N836,63
N237,N731,8
N540,N19,55
N590,N323,71
N65,N274,83
N427,N910,61
N119,N506,80
N961,N661,45
N459,N714,56
N21,N165,37
N743,N196,61
N352,N448,30
N519,N224,76
N930,N701,44
N943,N616,92
N672,N479,17
N904,N300,93
N728,N399,54
N853,N963,87
N668,N752,47
N815,N483,21
N636,N212,37
N707,N767,12
N683,N494,17
N177,N204,21
N620,N503,13
N812,N425,64
N310,N240,27
N570,N48,3
N367,N902,34
N365,N693,21
N178,N847,65
N32,N826,9
N345,N440,15
N632,N232,16
N575,N229,63
N264,N348,46
N787,N47,99
N898,N570,35
N917,N154,89
N894,N527,78
N685,N106,91
N51,N948,57
N818,N468,97
N113,N998,14
N800,N625,79
N800,N878,14
N843,N575,6
N519,N107,22
N645,N120,27
N932,N370,21
N745,N299,91
N452,N780,65
N510,N750,13
N157,N662,47
N342,N838,18
N125,N868,26
N449,N992,54
N787,N6,32
N854,N828,61
N349,N293,65
N175,N87,35
N381,N732,97
N424,N369,81
N680,N251,20
N771,N542,54
N806,N233,18
N821,N439,53
N940,N419,59
N974,N872,67
N813,N698,47
N966,N30,57
N149,N788,2
N734,N825,67
N966,N71,11
N346,N322,52
N790,N168,56
N62,N402,98
N37,N676,83
N154,N924,74
N59,N646,92
N818,N676,67
N996,N302,54
N411,N907,88
N717,N566,39
N738,N760,41
N931,N352,2
N846,N286,68
N625,N942,19
N717,N413,58
N659,N210,70
N639,N807,80
N667,N452,90
N353,N908,84
N414,N794,26
N902,N308,11
N37,N550,43
N399,N742,93
N757,N900,17
N532,N553,37
N218,N95,66
N565,N319,67
N348,N775,82
N163,N23,4
N911,N815,70
N606,N264,31
N852,N792,39
N743,N432,65
N113,N749,8
N861,N381,34
N642,N519,46
N126,N48,97
N666,N963,16
N459,N305,74
N754,N5,59
N347,N241,96
N595,N579,92
N915,N960,81
N681,N546,77
N239,N358,39
N291,N682,92
N586,N688,18
N731,N386,67
N755,N253,14
N335,N528,75
N197,N842,100
N369,N465,13
N150,N728,55
N848,N421,11
N94,N63,55
N909,N133,61
N219,N456,10
N378,N693,68
N412,N602,72
N531,N797,51
N892,N270,75
N510,N651,55
N450,N705,63
N749,N996,54
N843,N166,19
N517,N130,63
N728,N468,17
N991,N721,66
N883,N541,16
N711,N217,59
N484,N33,96
N160,N966,72
N378,N943,16
N616,N872,53
N112,N123,48
N585,N296,6
N535,N156,16
N380,N312,48
N310,N301,63
N28,N810,19
N145,N802,76
N431,N49,40
N910,N290,28
N187,N838,95
N500,N2,16
N560,N357,9
N891,N45,54
N492,N586,40
N579,N463,44
N800,N386,61
N854,N737,78
N135,N780,18
N516,N651,59
N779,N460,86
N459,N152,94
N333,N91,80
N680,N638,53
N396,N238,51
N347,N553,6
N981,N686,57
N753,N284,83
N90,N886,22
N724,N25,74
N645,N815,99
N724,N316,72
N660,N126,83
N572,N87,25
N978,N633,70
N590,N775,7
N980,N583,67
N193,N768,61
N514,N918,3
N123,N674,69
N184,N985,3
N281,N805,27
N251,N849,91
N859,N908,75
N454,N86,69
N621,N328,52
N603,N46,63
N882,N956,3
N348,N447,24
N424,N24,68
N324,N391,33
N93,N117,13
N554,N172,37
N147,N187,33
N786,N91,20
N314,N975,53
N694,N173,8
N629,N984,42
N185,N27,92
N59,N305,50
N101,N327,19
N422,N914,42
N264,N384,16
N53,N207,31
N770,N611,76
N242,N504,66
N770,N516,50
N972,N117,35
N62,N325,60
N566,N416,9
N495,N29,53
N648,N239,3
N275,N567,76
N691,N103,32
N781,N568,84
N804,N128,39
N581,N416,58
N85,N866,82
N512,N208,19
N382,N553,22
N800,N251,69
N975,N433,72
N462,N42,1
N832,N475,80
N296,N668,22
N0,N61,62
N279,N612,33
N859,N696,49
N359,N862,81
N217,N599,66
N288,N46,21
N756,N546,73
N71,N307,12
N404,N715,16
N850,N143,93
N569,N286,56
N215,N625,65
N980,N821,41
N905,N698,44
N650,N267,97
N724,N463,35
N251,N678,42
N349,N215,59
N982,N613,43
N16,N935,89
N136,N661,1
N623,N487,1
N923,N9,87
N177,N423,72
N916,N713,91
N500,N780,51
N551,N83,84
N666,N79,69
N31,N913,86
N455,N688,16
N361,N995,49
N847,N615,46
N396,N181,99
N831,N713,2
N127,N473,48
N958,N197,57
N9,N226,96
N20,N776,36
N696,N943,91
N366,N196,12
N835,N628,81
N310,N827,92
N226,N239,64
N990,N371,5
N287,N504,91
N723,N620,27
N7,N200,82
N405,N113,36
N582,N512,64
N174,N565,25
N675,N756,73
N688,N698,78
N578,N179,9
N602,N131,96
N66,N130,34
